{"Amsterdam":675.0714285714,"Atlanta":575.1068858768,"Bogota":375.602739726,"Buenos Aires":212.920338357,"Campinas":75.0,"Casablanca":525.25,"Cordoba":224.7368421053,"Doha":871.0,"Dubai":827.8604651163,"Frankfurt":674.5378823346,"Houston":614.4128440367,"Lima":363.5363906926,"Lisbon":571.309569317,"London":661.8260869565,"Luanda":463.3076923077,"Madrid":607.1235955056,"Miami":516.1929824561,"Montevideo":188.2063145995,"New York":593.0,"Panama City":435.6059957837,"Paris":663.1805555556,"Porto":588.9113136574,"Recife":178.0,"Rome":658.3396226415,"Rosario":205.96,"Salvador":131.0,"Santiago":285.8769481115,"Zurich":673.0952380952}